candidate,challenger,mode,blended_component_count,challenger_alpha,profile,profile_family,profile_size,profile_component_ratio,profile_selector_gate,profile_min_active_slices,profile_quantile,profile_probability_weighted,profile_heatmap_guard_ratio,mae_mm,rmse_mm,bias_mm,f1_3mm,f1_5mm,boundary_f1,selection_objective,mae_pass,boundary_f1_pass,selection_objective_pass,all_release_gates_pass
baseline_exp09,none,baseline,0,0.0,locked_production,severity_window,3,0.0,0.5,3,0.75,True,0.0,1.2590358220819218,1.9763812052332201,-0.18252575228463352,0.847457627118644,0.8,0.823728813559322,1.6115781949632777,False,True,False,False
baseline_exp09,none,baseline,0,0.0,locked_guard_05_diagnostic,severity_window,3,0.0,0.5,3,0.75,True,0.5,1.2667219157539198,1.9681580176488416,-0.20041338908138556,0.847457627118644,0.8235294117647058,0.8354935194416749,1.59573487687057,False,True,True,False
exp18_epoch21__full__a0p1,exp18_epoch21,full,4,0.1,locked_production,severity_window,3,0.0,0.5,3,0.75,True,0.0,1.2480847227755487,1.958134908619749,-0.20149840749869694,0.8620689655172413,0.8,0.8310344827586207,1.5860157572583073,True,True,True,True
exp18_epoch21__full__a0p1,exp18_epoch21,full,4,0.1,locked_guard_05_diagnostic,severity_window,3,0.0,0.5,3,0.75,True,0.5,1.2564825435009186,1.962661413890768,-0.21144971048612302,0.8620689655172413,0.8,0.8310344827586207,1.5944135779836772,True,True,True,True
exp18_epoch21__full__a0p25,exp18_epoch21,full,4,0.25,locked_production,severity_window,3,0.0,0.5,3,0.75,True,0.0,1.2579083377078397,1.9516932149413815,-0.1597778406383386,0.8135593220338984,0.8,0.8067796610169492,1.6443490156739413,True,False,False,False
exp18_epoch21__full__a0p25,exp18_epoch21,full,4,0.25,locked_guard_05_diagnostic,severity_window,3,0.0,0.5,3,0.75,True,0.5,1.275117606035809,1.9526950705206443,-0.1550095099788993,0.8135593220338984,0.8,0.8067796610169492,1.6615582840019105,False,False,False,False
exp18_epoch21__full__a0p5,exp18_epoch21,full,4,0.5,locked_production,severity_window,3,0.0,0.5,3,0.75,True,0.0,1.2561534245067567,1.976488068505549,-0.11783014744964992,0.7931034482758621,0.8,0.7965517241379311,1.6630499762308946,True,False,False,False
exp18_epoch21__full__a0p5,exp18_epoch21,full,4,0.5,locked_guard_05_diagnostic,severity_window,3,0.0,0.5,3,0.75,True,0.5,1.249594310993579,1.9566467587713292,-0.1286762832260843,0.7931034482758621,0.8,0.7965517241379311,1.6564908627177168,True,False,False,False
exp18_epoch21__full__a0p75,exp18_epoch21,full,4,0.75,locked_production,severity_window,3,0.0,0.5,3,0.75,True,0.0,1.3433225592459315,2.087356877356424,-0.1086279614314214,0.7931034482758621,0.7777777777777778,0.7854406130268199,1.7724413331922917,False,False,False,False
exp18_epoch21__full__a0p75,exp18_epoch21,full,4,0.75,locked_guard_05_diagnostic,severity_window,3,0.0,0.5,3,0.75,True,0.5,1.3564678930413367,2.098371269078571,-0.09014158419041485,0.8135593220338984,0.7777777777777778,0.795668549905838,1.7651307932296607,False,False,False,False
exp18_epoch21__full__a1p0,exp18_epoch21,full,4,1.0,locked_production,severity_window,3,0.0,0.5,3,0.75,True,0.0,1.3929919422562442,2.202516500123636,-0.04588870699725933,0.7857142857142857,0.7567567567567568,0.7712355212355213,1.8505208997852016,False,False,False,False
exp18_epoch21__full__a1p0,exp18_epoch21,full,4,1.0,locked_guard_05_diagnostic,severity_window,3,0.0,0.5,3,0.75,True,0.5,1.4089204953677619,2.2177446748223604,-0.02810147822792849,0.8070175438596491,0.7567567567567568,0.781887150308203,1.8451461947513559,False,False,False,False
exp18_epoch21__baseline_selector__a0p1,exp18_epoch21,baseline_selector,3,0.1,locked_production,severity_window,3,0.0,0.5,3,0.75,True,0.0,1.2480847227755487,1.958134908619749,-0.20149840749869694,0.8620689655172413,0.8,0.8310344827586207,1.5860157572583073,True,True,True,True
exp18_epoch21__baseline_selector__a0p1,exp18_epoch21,baseline_selector,3,0.1,locked_guard_05_diagnostic,severity_window,3,0.0,0.5,3,0.75,True,0.5,1.2564825435009186,1.962661413890768,-0.21144971048612302,0.8620689655172413,0.8,0.8310344827586207,1.5944135779836772,True,True,True,True
exp18_epoch21__baseline_selector__a0p25,exp18_epoch21,baseline_selector,3,0.25,locked_production,severity_window,3,0.0,0.5,3,0.75,True,0.0,1.271386072729061,1.9678721926405567,-0.23000373455570702,0.8275862068965517,0.8,0.8137931034482759,1.643799865832509,False,False,False,False
exp18_epoch21__baseline_selector__a0p25,exp18_epoch21,baseline_selector,3,0.25,locked_guard_05_diagnostic,severity_window,3,0.0,0.5,3,0.75,True,0.5,1.28859534105703,1.9688658155789467,-0.2252354038962677,0.8275862068965517,0.8,0.8137931034482759,1.6610091341604782,False,False,False,False
exp18_epoch21__baseline_selector__a0p5,exp18_epoch21,baseline_selector,3,0.5,locked_production,severity_window,3,0.0,0.5,3,0.75,True,0.0,1.287813864225772,1.9982941439521196,-0.14949058716866503,0.7931034482758621,0.8,0.7965517241379311,1.6947104159499098,False,False,False,False
exp18_epoch21__baseline_selector__a0p5,exp18_epoch21,baseline_selector,3,0.5,locked_guard_05_diagnostic,severity_window,3,0.0,0.5,3,0.75,True,0.5,1.281254750712594,1.9786715087196476,-0.16033672294509937,0.7931034482758621,0.8,0.7965517241379311,1.6881513024367318,False,False,False,False
exp18_epoch21__baseline_selector__a0p75,exp18_epoch21,baseline_selector,3,0.75,locked_production,severity_window,3,0.0,0.5,3,0.75,True,0.0,1.37185987704503,2.1074047092734047,-0.13716527923051988,0.7931034482758621,0.7777777777777778,0.7854406130268199,1.8009786509913903,False,False,False,False
exp18_epoch21__baseline_selector__a0p75,exp18_epoch21,baseline_selector,3,0.75,locked_guard_05_diagnostic,severity_window,3,0.0,0.5,3,0.75,True,0.5,1.3850052108404352,2.118314862836726,-0.11867890198951334,0.8135593220338984,0.7777777777777778,0.795668549905838,1.7936681110287591,False,False,False,False
exp18_epoch21__baseline_selector__a1p0,exp18_epoch21,baseline_selector,3,1.0,locked_production,severity_window,3,0.0,0.5,3,0.75,True,0.0,1.4111065948187416,2.217455823082259,-0.06400335955975657,0.7857142857142857,0.7567567567567568,0.7712355212355213,1.868635552347699,False,False,False,False
exp18_epoch21__baseline_selector__a1p0,exp18_epoch21,baseline_selector,3,1.0,locked_guard_05_diagnostic,severity_window,3,0.0,0.5,3,0.75,True,0.5,1.4270351479302592,2.232582100776472,-0.04621613079042574,0.8070175438596491,0.7567567567567568,0.781887150308203,1.8632608473138532,False,False,False,False
exp18_epoch21__baseline_selector_peak__a0p1,exp18_epoch21,baseline_selector_peak,2,0.1,locked_production,severity_window,3,0.0,0.5,3,0.75,True,0.0,1.2480847227755487,1.958134908619749,-0.20149840749869694,0.8620689655172413,0.8,0.8310344827586207,1.5860157572583073,True,True,True,True
exp18_epoch21__baseline_selector_peak__a0p1,exp18_epoch21,baseline_selector_peak,2,0.1,locked_guard_05_diagnostic,severity_window,3,0.0,0.5,3,0.75,True,0.5,1.2376368764447352,1.9110695453965982,-0.23029537754230633,0.8620689655172413,0.8235294117647058,0.8427991886409736,1.552038499162788,True,True,True,True
exp18_epoch21__baseline_selector_peak__a0p25,exp18_epoch21,baseline_selector_peak,2,0.25,locked_production,severity_window,3,0.0,0.5,3,0.75,True,0.0,1.271386072729061,1.9678721926405567,-0.23000373455570702,0.8275862068965517,0.8,0.8137931034482759,1.643799865832509,False,False,False,False
exp18_epoch21__baseline_selector_peak__a0p25,exp18_epoch21,baseline_selector_peak,2,0.25,locked_guard_05_diagnostic,severity_window,3,0.0,0.5,3,0.75,True,0.5,1.260973221352741,1.9162636235436818,-0.2528575236005569,0.8275862068965517,0.8,0.8137931034482759,1.633387014456189,False,False,False,False
exp18_epoch21__baseline_selector_peak__a0p5,exp18_epoch21,baseline_selector_peak,2,0.5,locked_production,severity_window,3,0.0,0.5,3,0.75,True,0.0,1.2696385334899176,1.9791472270678578,-0.16740743302142436,0.7931034482758621,0.8,0.7965517241379311,1.6765350852140555,False,False,False,False
exp18_epoch21__baseline_selector_peak__a0p5,exp18_epoch21,baseline_selector_peak,2,0.5,locked_guard_05_diagnostic,severity_window,3,0.0,0.5,3,0.75,True,0.5,1.2689169222961612,1.9719797080637225,-0.1666858218276678,0.7931034482758621,0.8,0.7965517241379311,1.675813474020299,False,False,False,False
exp18_epoch21__baseline_selector_peak__a0p75,exp18_epoch21,baseline_selector_peak,2,0.75,locked_production,severity_window,3,0.0,0.5,3,0.75,True,0.0,1.318872851188948,2.0612271595131477,-0.08054518324892909,0.8333333333333334,0.8,0.8166666666666667,1.6855395178556147,False,False,False,False
exp18_epoch21__baseline_selector_peak__a0p75,exp18_epoch21,baseline_selector_peak,2,0.75,locked_guard_05_diagnostic,severity_window,3,0.0,0.5,3,0.75,True,0.5,1.3222513522118775,2.065154310023302,-0.07182563878039812,0.8524590163934426,0.8,0.8262295081967213,1.669792335818435,False,True,False,False
exp18_epoch21__baseline_selector_peak__a1p0,exp18_epoch21,baseline_selector_peak,2,1.0,locked_production,severity_window,3,0.0,0.5,3,0.75,True,0.0,1.3416093787150598,2.119932505190756,0.023060912872428358,0.8275862068965517,0.7894736842105263,0.8085299455535391,1.7245494876079817,False,False,False,False
exp18_epoch21__baseline_selector_peak__a1p0,exp18_epoch21,baseline_selector_peak,2,1.0,locked_guard_05_diagnostic,severity_window,3,0.0,0.5,3,0.75,True,0.5,1.362894814761717,2.139985980778861,0.046205024576898866,0.847457627118644,0.7894736842105263,0.8184656556645852,1.7259635034325467,False,False,False,False
exp18_epoch21__regression_only__a0p1,exp18_epoch21,regression_only,1,0.1,locked_production,severity_window,3,0.0,0.5,3,0.75,True,0.0,1.2480847227755487,1.958134908619749,-0.20149840749869694,0.8620689655172413,0.8,0.8310344827586207,1.5860157572583073,True,True,True,True
exp18_epoch21__regression_only__a0p1,exp18_epoch21,regression_only,1,0.1,locked_guard_05_diagnostic,severity_window,3,0.0,0.5,3,0.75,True,0.5,1.2490265237577536,1.934126557186362,-0.21890573022928797,0.8620689655172413,0.8235294117647058,0.8427991886409736,1.5634281464758064,True,True,True,True
exp18_epoch21__regression_only__a0p25,exp18_epoch21,regression_only,1,0.25,locked_production,severity_window,3,0.0,0.5,3,0.75,True,0.0,1.271386072729061,1.9678721926405567,-0.23000373455570702,0.8275862068965517,0.8,0.8137931034482759,1.643799865832509,False,False,False,False
exp18_epoch21__regression_only__a0p25,exp18_epoch21,regression_only,1,0.25,locked_guard_05_diagnostic,severity_window,3,0.0,0.5,3,0.75,True,0.5,1.2646757967214086,1.9257225681495875,-0.24915494823188922,0.8275862068965517,0.8,0.8137931034482759,1.6370895898248568,False,False,False,False
exp18_epoch21__regression_only__a0p5,exp18_epoch21,regression_only,1,0.5,locked_production,severity_window,3,0.0,0.5,3,0.75,True,0.0,1.2725036558153024,1.9833450235941092,-0.17027255534680916,0.7931034482758621,0.8,0.7965517241379311,1.6794002075394403,False,False,False,False
exp18_epoch21__regression_only__a0p5,exp18_epoch21,regression_only,1,0.5,locked_guard_05_diagnostic,severity_window,3,0.0,0.5,3,0.75,True,0.5,1.2489465448616157,1.9334586507998863,-0.1881729728917577,0.7931034482758621,0.8,0.7965517241379311,1.6558430965857536,True,False,False,False
exp18_epoch21__regression_only__a0p75,exp18_epoch21,regression_only,1,0.75,locked_production,severity_window,3,0.0,0.5,3,0.75,True,0.0,1.2917591996935767,2.013019545668552,-0.114218156873735,0.847457627118644,0.8,0.823728813559322,1.6443015725749326,False,True,False,False
exp18_epoch21__regression_only__a0p75,exp18_epoch21,regression_only,1,0.75,locked_guard_05_diagnostic,severity_window,3,0.0,0.5,3,0.75,True,0.5,1.2700527699247226,1.9574650949119394,-0.13953206502457155,0.8666666666666667,0.8,0.8333333333333334,1.6033861032580559,False,True,True,False
exp18_epoch21__regression_only__a1p0,exp18_epoch21,regression_only,1,1.0,locked_production,severity_window,3,0.0,0.5,3,0.75,True,0.0,1.3247808879880765,2.0676898836734945,0.006232422145444987,0.8135593220338984,0.8108108108108109,0.8121850664223547,1.7004107551433671,False,False,False,False
exp18_epoch21__regression_only__a1p0,exp18_epoch21,regression_only,1,1.0,locked_guard_05_diagnostic,severity_window,3,0.0,0.5,3,0.75,True,0.5,1.3384041149224808,2.056805394702506,-0.02934865061916519,0.847457627118644,0.7567567567567568,0.8021071919377004,1.73418973104708,False,False,False,False
exp18_best_objective_epoch12__full__a0p1,exp18_best_objective_epoch12,full,4,0.1,locked_production,severity_window,3,0.0,0.5,3,0.75,True,0.0,1.2343203364468334,1.9477742097492505,-0.11732538515952089,0.8333333333333334,0.8,0.8166666666666667,1.6009870031135,True,False,True,False
exp18_best_objective_epoch12__full__a0p1,exp18_best_objective_epoch12,full,4,0.1,locked_guard_05_diagnostic,severity_window,3,0.0,0.5,3,0.75,True,0.5,1.2367125732240392,1.9175146293195051,-0.15761748334365103,0.8333333333333334,0.8235294117647058,0.8284313725490196,1.579849828126,True,True,True,True
exp18_best_objective_epoch12__full__a0p25,exp18_best_objective_epoch12,full,4,0.25,locked_production,severity_window,3,0.0,0.5,3,0.75,True,0.0,1.3347849484699876,2.0300605137861076,-0.02999404900109591,0.8064516129032258,0.8,0.8032258064516129,1.7283333355667618,False,False,False,False
exp18_best_objective_epoch12__full__a0p25,exp18_best_objective_epoch12,full,4,0.25,locked_guard_05_diagnostic,severity_window,3,0.0,0.5,3,0.75,True,0.5,1.3310168242276605,2.011914874079059,-0.0524951409048109,0.8064516129032258,0.8,0.8032258064516129,1.7245652113244347,False,False,False,False
exp18_best_objective_epoch12__full__a0p5,exp18_best_objective_epoch12,full,4,0.5,locked_production,severity_window,3,0.0,0.5,3,0.75,True,0.0,1.276957357997325,2.0178462049043646,0.07462532893935243,0.819672131147541,0.8,0.8098360655737705,1.657285226849784,False,False,False,False
exp18_best_objective_epoch12__full__a0p5,exp18_best_objective_epoch12,full,4,0.5,locked_guard_05_diagnostic,severity_window,3,0.0,0.5,3,0.75,True,0.5,1.2928042758756608,2.0306122767302432,0.05877841106101645,0.819672131147541,0.8,0.8098360655737705,1.6731321447281198,False,False,False,False
exp18_best_objective_epoch12__full__a0p75,exp18_best_objective_epoch12,full,4,0.75,locked_production,severity_window,3,0.0,0.5,3,0.75,True,0.0,1.7206759260216755,3.2238503371960694,0.5340610341794455,0.7419354838709677,0.7777777777777778,0.7598566308243728,2.2009626643729296,False,False,False,False
exp18_best_objective_epoch12__full__a0p75,exp18_best_objective_epoch12,full,4,0.75,locked_guard_05_diagnostic,severity_window,3,0.0,0.5,3,0.75,True,0.5,1.7273520056436311,3.2272804587185466,0.5273849545574899,0.7419354838709677,0.7777777777777778,0.7598566308243728,2.2076387439948855,False,False,False,False
exp18_best_objective_epoch12__full__a1p0,exp18_best_objective_epoch12,full,4,1.0,locked_production,severity_window,3,0.0,0.5,3,0.75,True,0.0,1.9399279701175975,3.5357609912825683,0.8426101093861593,0.7619047619047619,0.75,0.7559523809523809,2.428023208212836,False,False,False,False
exp18_best_objective_epoch12__full__a1p0,exp18_best_objective_epoch12,full,4,1.0,locked_guard_05_diagnostic,severity_window,3,0.0,0.5,3,0.75,True,0.5,1.951258361161645,3.5391905184241748,0.8108674796659554,0.7419354838709677,0.75,0.7459677419354839,2.4593228772906772,False,False,False,False
exp18_best_objective_epoch12__baseline_selector__a0p1,exp18_best_objective_epoch12,baseline_selector,3,0.1,locked_production,severity_window,3,0.0,0.5,3,0.75,True,0.0,1.2453249046606805,1.9614856183372327,-0.19002444588426323,0.847457627118644,0.8,0.823728813559322,1.5978672775420364,True,True,True,True
exp18_best_objective_epoch12__baseline_selector__a0p1,exp18_best_objective_epoch12,baseline_selector,3,0.1,locked_guard_05_diagnostic,severity_window,3,0.0,0.5,3,0.75,True,0.5,1.2477171414378863,1.9314408643377614,-0.23031654406839336,0.847457627118644,0.8235294117647058,0.8354935194416749,1.5767301025545364,True,True,True,True
exp18_best_objective_epoch12__baseline_selector__a0p25,exp18_best_objective_epoch12,baseline_selector,3,0.25,locked_production,severity_window,3,0.0,0.5,3,0.75,True,0.0,1.2924410570913287,1.9943461289822042,-0.15604156931834431,0.8333333333333334,0.8,0.8166666666666667,1.6591077237579954,False,False,False,False
exp18_best_objective_epoch12__baseline_selector__a0p25,exp18_best_objective_epoch12,baseline_selector,3,0.25,locked_guard_05_diagnostic,severity_window,3,0.0,0.5,3,0.75,True,0.5,1.2886729328490016,1.9758725295659487,-0.1785426612220593,0.8333333333333334,0.8,0.8166666666666667,1.6553395995156683,False,False,False,False
exp18_best_objective_epoch12__baseline_selector__a0p5,exp18_best_objective_epoch12,baseline_selector,3,0.5,locked_production,severity_window,3,0.0,0.5,3,0.75,True,0.0,1.2622995540277282,2.0006038485713393,-0.07825310514934021,0.847457627118644,0.8,0.823728813559322,1.6148419269090841,False,True,False,False
exp18_best_objective_epoch12__baseline_selector__a0p5,exp18_best_objective_epoch12,baseline_selector,3,0.5,locked_guard_05_diagnostic,severity_window,3,0.0,0.5,3,0.75,True,0.5,1.2781464719060642,2.0134792451572703,-0.0941000230276762,0.847457627118644,0.8,0.823728813559322,1.6306888447874202,False,True,False,False
exp18_best_objective_epoch12__baseline_selector__a0p75,exp18_best_objective_epoch12,baseline_selector,3,0.75,locked_production,severity_window,3,0.0,0.5,3,0.75,True,0.0,1.3050978387469676,2.0249628770004597,-0.007189555933226369,0.7931034482758621,0.8,0.7965517241379311,1.7119943904711055,False,False,False,False
exp18_best_objective_epoch12__baseline_selector__a0p75,exp18_best_objective_epoch12,baseline_selector,3,0.75,locked_guard_05_diagnostic,severity_window,3,0.0,0.5,3,0.75,True,0.5,1.3117739183689232,2.030419369444983,-0.013865635555181898,0.7931034482758621,0.8,0.7965517241379311,1.718670470093061,False,False,False,False
exp18_best_objective_epoch12__baseline_selector__a1p0,exp18_best_objective_epoch12,baseline_selector,3,1.0,locked_production,severity_window,3,0.0,0.5,3,0.75,True,0.0,1.335421676422233,2.066116873640375,0.07321452418370034,0.8275862068965517,0.7692307692307693,0.7984084880636605,1.738604700294912,False,False,False,False
exp18_best_objective_epoch12__baseline_selector__a1p0,exp18_best_objective_epoch12,baseline_selector,3,1.0,locked_guard_05_diagnostic,severity_window,3,0.0,0.5,3,0.75,True,0.5,1.3467520674662805,2.071980374851453,0.04147189446349645,0.8070175438596491,0.7692307692307693,0.7881241565452092,1.7705037543758622,False,False,False,False
exp18_best_objective_epoch12__baseline_selector_peak__a0p1,exp18_best_objective_epoch12,baseline_selector_peak,2,0.1,locked_production,severity_window,3,0.0,0.5,3,0.75,True,0.0,1.2453249046606805,1.9614856183372327,-0.19002444588426323,0.847457627118644,0.8,0.823728813559322,1.5978672775420364,True,True,True,True
exp18_best_objective_epoch12__baseline_selector_peak__a0p1,exp18_best_objective_epoch12,baseline_selector_peak,2,0.1,locked_guard_05_diagnostic,severity_window,3,0.0,0.5,3,0.75,True,0.5,1.2477171414378863,1.9314408643377614,-0.23031654406839336,0.847457627118644,0.8235294117647058,0.8354935194416749,1.5767301025545364,True,True,True,True
exp18_best_objective_epoch12__baseline_selector_peak__a0p25,exp18_best_objective_epoch12,baseline_selector_peak,2,0.25,locked_production,severity_window,3,0.0,0.5,3,0.75,True,0.0,1.2891376508038437,1.9712560411758153,-0.17950440429484663,0.8135593220338984,0.8,0.8067796610169492,1.6755783287699453,False,False,False,False
exp18_best_objective_epoch12__baseline_selector_peak__a0p25,exp18_best_objective_epoch12,baseline_selector_peak,2,0.25,locked_guard_05_diagnostic,severity_window,3,0.0,0.5,3,0.75,True,0.5,1.2816101553057557,1.933736051936797,-0.20576486745432238,0.8135593220338984,0.8235294117647058,0.8185443668993021,1.6445214215071515,False,False,False,False
exp18_best_objective_epoch12__baseline_selector_peak__a0p5,exp18_best_objective_epoch12,baseline_selector_peak,2,0.5,locked_production,severity_window,3,0.0,0.5,3,0.75,True,0.0,1.329845000247457,2.062157549852984,-0.06535672638843303,0.8070175438596491,0.8,0.8035087719298246,1.7228274563878079,False,False,False,False
exp18_best_objective_epoch12__baseline_selector_peak__a0p5,exp18_best_objective_epoch12,baseline_selector_peak,2,0.5,locked_guard_05_diagnostic,severity_window,3,0.0,0.5,3,0.75,True,0.5,1.3436794767184044,2.0713422485543695,-0.07919120285938029,0.8070175438596491,0.8,0.8035087719298246,1.7366619328587551,False,False,False,False
exp18_best_objective_epoch12__baseline_selector_peak__a0p75,exp18_best_objective_epoch12,baseline_selector_peak,2,0.75,locked_production,severity_window,3,0.0,0.5,3,0.75,True,0.0,1.4106363598757716,2.251644994925318,0.1541888129132897,0.8135593220338984,0.8,0.8067796610169492,1.7970770378418732,False,False,False,False
exp18_best_objective_epoch12__baseline_selector_peak__a0p75,exp18_best_objective_epoch12,baseline_selector_peak,2,0.75,locked_guard_05_diagnostic,severity_window,3,0.0,0.5,3,0.75,True,0.5,1.4242807562449087,2.2657451304147433,0.14054441654415273,0.8135593220338984,0.8,0.8067796610169492,1.8107214342110103,False,False,False,False
exp18_best_objective_epoch12__baseline_selector_peak__a1p0,exp18_best_objective_epoch12,baseline_selector_peak,2,1.0,locked_production,severity_window,3,0.0,0.5,3,0.75,True,0.0,1.4645247267253365,2.418288799311245,0.2633366143525536,0.8135593220338984,0.7692307692307693,0.7913950456323338,1.881734635460669,False,False,False,False
exp18_best_objective_epoch12__baseline_selector_peak__a1p0,exp18_best_objective_epoch12,baseline_selector_peak,2,1.0,locked_guard_05_diagnostic,severity_window,3,0.0,0.5,3,0.75,True,0.5,1.483127923509968,2.436696091207131,0.24473341756792208,0.8135593220338984,0.7692307692307693,0.7913950456323338,1.9003378322453004,False,False,False,False
exp18_best_objective_epoch12__regression_only__a0p1,exp18_best_objective_epoch12,regression_only,1,0.1,locked_production,severity_window,3,0.0,0.5,3,0.75,True,0.0,1.2453249046606805,1.9614856183372327,-0.19002444588426323,0.847457627118644,0.8,0.823728813559322,1.5978672775420364,True,True,True,True
exp18_best_objective_epoch12__regression_only__a0p1,exp18_best_objective_epoch12,regression_only,1,0.1,locked_guard_05_diagnostic,severity_window,3,0.0,0.5,3,0.75,True,0.5,1.2640540500630193,1.9643386407409742,-0.21397963544326037,0.847457627118644,0.8235294117647058,0.8354935194416749,1.5930670111796694,False,True,True,False
exp18_best_objective_epoch12__regression_only__a0p25,exp18_best_objective_epoch12,regression_only,1,0.25,locked_production,severity_window,3,0.0,0.5,3,0.75,True,0.0,1.2781708578787634,1.9590682082247137,-0.1685376113697664,0.8135593220338984,0.8333333333333334,0.8234463276836159,1.6312782025115315,False,True,False,False
exp18_best_objective_epoch12__regression_only__a0p25,exp18_best_objective_epoch12,regression_only,1,0.25,locked_guard_05_diagnostic,severity_window,3,0.0,0.5,3,0.75,True,0.5,1.299723375444092,1.9695207851912722,-0.18818202234471018,0.8135593220338984,0.8235294117647058,0.8185443668993021,1.6626346416454878,False,False,False,False
exp18_best_objective_epoch12__regression_only__a0p5,exp18_best_objective_epoch12,regression_only,1,0.5,locked_production,severity_window,3,0.0,0.5,3,0.75,True,0.0,1.32417884126528,2.053068152708923,-0.05969056740625575,0.8275862068965517,0.8,0.8137931034482759,1.696592634368728,False,False,False,False
exp18_best_objective_epoch12__regression_only__a0p5,exp18_best_objective_epoch12,regression_only,1,0.5,locked_guard_05_diagnostic,severity_window,3,0.0,0.5,3,0.75,True,0.5,1.348128474603838,2.0737454616330364,-0.10271985037113297,0.8275862068965517,0.8235294117647058,0.8255578093306288,1.6970128559425803,False,True,False,False
exp18_best_objective_epoch12__regression_only__a0p75,exp18_best_objective_epoch12,regression_only,1,0.75,locked_production,severity_window,3,0.0,0.5,3,0.75,True,0.0,1.4106363598757716,2.251644994925318,0.1541888129132897,0.8135593220338984,0.8,0.8067796610169492,1.7970770378418732,False,False,False,False
exp18_best_objective_epoch12__regression_only__a0p75,exp18_best_objective_epoch12,regression_only,1,0.75,locked_guard_05_diagnostic,severity_window,3,0.0,0.5,3,0.75,True,0.5,1.4409883956633398,2.26654848165496,0.0702240645218252,0.8135593220338984,0.8235294117647058,0.8185443668993021,1.8038996618647356,False,False,False,False
exp18_best_objective_epoch12__regression_only__a1p0,exp18_best_objective_epoch12,regression_only,1,1.0,locked_production,severity_window,3,0.0,0.5,3,0.75,True,0.0,1.4735346137587704,2.453205157032118,0.28865121140408867,0.7931034482758621,0.7692307692307693,0.7811671087533156,1.911200396252139,False,False,False,False
exp18_best_objective_epoch12__regression_only__a1p0,exp18_best_objective_epoch12,regression_only,1,1.0,locked_guard_05_diagnostic,severity_window,3,0.0,0.5,3,0.75,True,0.5,1.5289540659135847,2.4926525500342858,0.1853301288476631,0.7719298245614035,0.7567567567567568,0.7643432906590801,2.0002674845954242,False,False,False,False
